name;link
Юпитерский самолёт | Поиск гифок по описанию;https://vk.com/public195035228
общество биззарных шутников;https://vk.com/public207635816
Юпитерский самолёт | Поиск гифок по описанию;https://vk.com/public195035228
Таверна Сергиуса;https://vk.com/public154512081
PlayStation Nation | Spider Man PS4;https://vk.com/public140421718
;https://vk.com/public153885558
;https://vk.com/public206103075
;https://vk.com/public207744273
;https://vk.com/public210711262
;https://vk.com/public203747778
ЭСТЕТИКА  БИЗНЕСА;https://vk.com/public203695438
Юпитерский самолёт | Поиск гифок по описанию;https://vk.com/public195035228
Неккен;https://vk.com/public195663716
суперблевотина;https://vk.com/public191815098
Мусорка Рафиса;https://vk.com/public193892104
;https://vk.com/public196421633
;https://vk.com/public204462121
;https://vk.com/public195599658
;https://vk.com/public189150390
;https://vk.com/public199467769
;https://vk.com/public191325993
;https://vk.com/public198291086
;https://vk.com/public131554414
;https://vk.com/public195035228
;https://vk.com/public166602504
;https://vk.com/public195035228
KIX ADDICT кроссовки - только оригинал;https://vk.com/public92143835
Хип-хоп шкатулка;https://vk.com/public99736096
None;https://vk.com/public108213051
None;https://vk.com/public112201859
None;https://vk.com/public116722682
;https://vk.com/public124775517
;https://vk.com/public128706067
;https://vk.com/public133687260
;https://vk.com/public137582713
;https://vk.com/public146191063
;https://vk.com/public152353257
;https://vk.com/public195035228
;https://vk.com/public195035228
;https://vk.com/public199597185
;https://vk.com/public187238901
;https://vk.com/public115356098
Latveria.;https://vk.com/public134678885
New Gods;https://vk.com/public150556723
Креативный Коллективчик;https://vk.com/public174279618
mishavisage;https://vk.com/public183636249
Юпитерский самолёт | Поиск гифок по описанию;https://vk.com/public195035228
;https://vk.com/public211585833
;https://vk.com/public208875510
;https://vk.com/public208940749
;https://vk.com/public195035228
;https://vk.com/public171617751
;https://vk.com/public170330124
;https://vk.com/public196814040
;https://vk.com/public197726588
;https://vk.com/public53688803
;https://vk.com/public89474625
;https://vk.com/public96069130
Юпитерский самолёт | Поиск гифок по описанию;https://vk.com/public195035228
Фото|Батлы;https://vk.com/public103033325
Русское слово;https://vk.com/public119008783
pic.;https://vk.com/public122720262
